INSERT INTO coworking (id, avatar, title, institute, description, address)
VALUES ('7a9502ff3999dd4e38c6d3e78da4a654', 'coworking.jpg',
        'Студенческий коворкинг-буфет «Территория идей»', 'ИНМИТ', 'Описание коворкинга',
        'ул. Мира, д.28'),
       ('026ba255c876d8f1ddc220c3da694e86',
        'coworking.jpg',
        'Студенческий центр «Территория интеллектуального роста»',
        'Общежитие 10', 'Описание коворкинга', 'ул. Ленина, д. 66'),
       ('884cf7a45878bee3fb9f5cd2d3f97dca',
        'coworking.jpg',
        'Коворкинг «Антресоли»',
        'ГУК',
        'Описание коворкинга_Описание коворкинга_Описание коворкинга_Описание коворкинга',
        'ул. Мира, д. 19'),
       ('bac6ba35fb09473e2e81a13cb3c69d6e',
        'coworking.jpg',
        'Коворкинг «Радиоточка»',
        'ИРИТ РТФ',
        'Описание коворкинга',
        'ул. Мира, д. 32'),
       ('80f229fbf0f0f2e9507effd6c33f1ac8',
        'coworking.jpg',
        'Коворкинг «Катушка»',
        'ИЕНИМ?',
        'Описание коворкингаОписание коворкингаОписание коворкингаОписание коворкинга',
        'ул. Куйбышева, д. 48');

INSERT INTO coworking_technical_capabilities (capability, coworking_id)
VALUES ('Плазменная панель', '7a9502ff3999dd4e38c6d3e78da4a654'),
       ('дополнительные эл. розетки', '7a9502ff3999dd4e38c6d3e78da4a654'),
       ('столы', '7a9502ff3999dd4e38c6d3e78da4a654'),
       ('стулья', '7a9502ff3999dd4e38c6d3e78da4a654'),
       ('диванчики', '7a9502ff3999dd4e38c6d3e78da4a654'),
       ('места для верхней одежды', '7a9502ff3999dd4e38c6d3e78da4a654'),
       ('3 ЖК панели', '026ba255c876d8f1ddc220c3da694e86'),
       ('2 флипчарта', '026ba255c876d8f1ddc220c3da694e86'),
       ('3 маркерные доски', '026ba255c876d8f1ddc220c3da694e86'),
       ('меловая доска', '026ba255c876d8f1ddc220c3da694e86'),
       ('Wi-Fi', '026ba255c876d8f1ddc220c3da694e86'),
       ('Мобильная мебель', 'bac6ba35fb09473e2e81a13cb3c69d6e'),
       ('6 маркерных досок', 'bac6ba35fb09473e2e81a13cb3c69d6e'),
       ('Wi-Fi', 'bac6ba35fb09473e2e81a13cb3c69d6e'),
       ('Wi-Fi', '884cf7a45878bee3fb9f5cd2d3f97dca'),
       ('Маркерные доски', '884cf7a45878bee3fb9f5cd2d3f97dca'),
       ('Мобильная мебель', '884cf7a45878bee3fb9f5cd2d3f97dca'),
       ('ЖК панели', '884cf7a45878bee3fb9f5cd2d3f97dca'),
       ('Мобильная мебель', '80f229fbf0f0f2e9507effd6c33f1ac8'),
       ('Wi-Fi', '80f229fbf0f0f2e9507effd6c33f1ac8');

INSERT INTO coworking_working_schedule (coworking_id, week_day, start_time, end_time)
VALUES ('7a9502ff3999dd4e38c6d3e78da4a654', 0, '08:00:00', '18:00:00'),
       ('7a9502ff3999dd4e38c6d3e78da4a654', 1, '08:00:00', '18:00:00'),
       ('7a9502ff3999dd4e38c6d3e78da4a654', 2, '08:00:00', '18:00:00'),
       ('7a9502ff3999dd4e38c6d3e78da4a654', 3, '08:00:00', '18:00:00'),
       ('7a9502ff3999dd4e38c6d3e78da4a654', 4, '08:00:00', '18:00:00'),
       ('7a9502ff3999dd4e38c6d3e78da4a654', 5, '08:00:00', '18:00:00'),
       ('026ba255c876d8f1ddc220c3da694e86', 0, '10:00:00', '14:00:00'),
       ('026ba255c876d8f1ddc220c3da694e86', 1, '10:00:00', '14:00:00'),
       ('026ba255c876d8f1ddc220c3da694e86', 2, '10:00:00', '14:00:00'),
       ('026ba255c876d8f1ddc220c3da694e86', 3, '10:00:00', '14:00:00'),
       ('026ba255c876d8f1ddc220c3da694e86', 4, '10:00:00', '14:00:00'),
       ('026ba255c876d8f1ddc220c3da694e86', 6, '10:00:00', '14:00:00'),
       ('884cf7a45878bee3fb9f5cd2d3f97dca', 0, '10:00:00', '16:00:00'),
       ('884cf7a45878bee3fb9f5cd2d3f97dca', 1, '10:00:00', '16:00:00'),
       ('884cf7a45878bee3fb9f5cd2d3f97dca', 2, '10:00:00', '16:00:00'),
       ('884cf7a45878bee3fb9f5cd2d3f97dca', 3, '10:00:00', '16:00:00'),
       ('884cf7a45878bee3fb9f5cd2d3f97dca', 4, '10:00:00', '16:00:00'),
       ('bac6ba35fb09473e2e81a13cb3c69d6e', 0, '09:00:00', '19:00:00'),
       ('bac6ba35fb09473e2e81a13cb3c69d6e', 1, '09:00:00', '19:00:00'),
       ('bac6ba35fb09473e2e81a13cb3c69d6e', 2, '09:00:00', '19:00:00'),
       ('bac6ba35fb09473e2e81a13cb3c69d6e', 3, '09:00:00', '19:00:00'),
       ('bac6ba35fb09473e2e81a13cb3c69d6e', 4, '09:00:00', '19:00:00'),
       ('bac6ba35fb09473e2e81a13cb3c69d6e', 5, '09:00:00', '19:00:00'),
       ('80f229fbf0f0f2e9507effd6c33f1ac8', 0, '08:00:00', '20:00:00'),
       ('80f229fbf0f0f2e9507effd6c33f1ac8', 1, '08:00:00', '20:00:00'),
       ('80f229fbf0f0f2e9507effd6c33f1ac8', 2, '08:00:00', '20:00:00'),
       ('80f229fbf0f0f2e9507effd6c33f1ac8', 3, '08:00:00', '20:00:00'),
       ('80f229fbf0f0f2e9507effd6c33f1ac8', 4, '08:00:00', '20:00:00'),
       ('80f229fbf0f0f2e9507effd6c33f1ac8', 6, '08:00:00', '20:00:00');

INSERT INTO coworking_seats (coworking_id, label, description, place_type, seats_count)
VALUES ('7a9502ff3999dd4e38c6d3e78da4a654', null, null, 'table', 1),
       ('7a9502ff3999dd4e38c6d3e78da4a654', null, null, 'table', 1),
       ('7a9502ff3999dd4e38c6d3e78da4a654', null, null, 'table', 1),
       ('7a9502ff3999dd4e38c6d3e78da4a654', null, null, 'table', 1),
       ('7a9502ff3999dd4e38c6d3e78da4a654', null, null, 'table', 1),
       ('7a9502ff3999dd4e38c6d3e78da4a654', null, null, 'table', 1),
       ('7a9502ff3999dd4e38c6d3e78da4a654', null, null, 'table', 1),
       ('7a9502ff3999dd4e38c6d3e78da4a654', 'Переговорная-1', 'Описание', 'meeting_room', 10),
       ('7a9502ff3999dd4e38c6d3e78da4a654', 'Переговорная-2', 'Описание', 'meeting_room', 10),
       ('7a9502ff3999dd4e38c6d3e78da4a654', 'Переговорная-3', 'Описание', 'meeting_room', 10),
       ('026ba255c876d8f1ddc220c3da694e86', null, null, 'table', 1),
       ('026ba255c876d8f1ddc220c3da694e86', null, null, 'table', 1),
       ('026ba255c876d8f1ddc220c3da694e86', null, null, 'table', 1),
       ('026ba255c876d8f1ddc220c3da694e86', null, null, 'table', 1),
       ('026ba255c876d8f1ddc220c3da694e86', null, null, 'table', 1),
       ('026ba255c876d8f1ddc220c3da694e86', null, null, 'table', 1),
       ('026ba255c876d8f1ddc220c3da694e86', null, null, 'table', 1),
       ('026ba255c876d8f1ddc220c3da694e86', null, null, 'table', 1),
       ('026ba255c876d8f1ddc220c3da694e86', null, null, 'table', 1),
       ('026ba255c876d8f1ddc220c3da694e86', null, null, 'table', 1),
       ('884cf7a45878bee3fb9f5cd2d3f97dca', null, null, 'table', 1),
       ('884cf7a45878bee3fb9f5cd2d3f97dca', null, null, 'table', 1),
       ('884cf7a45878bee3fb9f5cd2d3f97dca', null, null, 'table', 1),
       ('884cf7a45878bee3fb9f5cd2d3f97dca', null, null, 'table', 1),
       ('884cf7a45878bee3fb9f5cd2d3f97dca', null, null, 'table', 1),
       ('884cf7a45878bee3fb9f5cd2d3f97dca', 'Переговорная-1', 'Описание', 'meeting_room', 15),
       ('bac6ba35fb09473e2e81a13cb3c69d6e', null, null, 'table', 1),
       ('bac6ba35fb09473e2e81a13cb3c69d6e', null, null, 'table', 1),
       ('bac6ba35fb09473e2e81a13cb3c69d6e', null, null, 'table', 1),
       ('bac6ba35fb09473e2e81a13cb3c69d6e', null, null, 'table', 1),
       ('bac6ba35fb09473e2e81a13cb3c69d6e', null, null, 'table', 1),
       ('bac6ba35fb09473e2e81a13cb3c69d6e', null, null, 'table', 1),
       ('bac6ba35fb09473e2e81a13cb3c69d6e', null, null, 'table', 1),
       ('bac6ba35fb09473e2e81a13cb3c69d6e', null, null, 'table', 1),
       ('bac6ba35fb09473e2e81a13cb3c69d6e', null, null, 'table', 1),
       ('80f229fbf0f0f2e9507effd6c33f1ac8', null, null, 'table', 1),
       ('80f229fbf0f0f2e9507effd6c33f1ac8', null, null, 'table', 1),
       ('80f229fbf0f0f2e9507effd6c33f1ac8', null, null, 'table', 1),
       ('80f229fbf0f0f2e9507effd6c33f1ac8', null, null, 'table', 1),
       ('80f229fbf0f0f2e9507effd6c33f1ac8', null, null, 'table', 1),
       ('80f229fbf0f0f2e9507effd6c33f1ac8', null, null, 'table', 1),
       ('80f229fbf0f0f2e9507effd6c33f1ac8', null, null, 'table', 1),
       ('80f229fbf0f0f2e9507effd6c33f1ac8', null, null, 'table', 1),
       ('80f229fbf0f0f2e9507effd6c33f1ac8', null, null, 'table', 1),
       ('80f229fbf0f0f2e9507effd6c33f1ac8', null, null, 'table', 1);
